[{"fields": {"model": "logentry", "name": "log entry", "app_label": "admin"}, "model": "contenttypes.contenttype", "pk": 1}, {"fields": {"model": "permission", "name": "permission", "app_label": "auth"}, "model": "contenttypes.contenttype", "pk": 2}, {"fields": {"model": "group", "name": "group", "app_label": "auth"}, "model": "contenttypes.contenttype", "pk": 3}, {"fields": {"model": "user", "name": "user", "app_label": "auth"}, "model": "contenttypes.contenttype", "pk": 4}, {"fields": {"model": "contenttype", "name": "content type", "app_label": "contenttypes"}, "model": "contenttypes.contenttype", "pk": 5}, {"fields": {"model": "session", "name": "session", "app_label": "sessions"}, "model": "contenttypes.contenttype", "pk": 6}, {"fields": {"model": "candidato", "name": "Candidato", "app_label": "elecciones"}, "model": "contenttypes.contenttype", "pk": 7}, {"fields": {"model": "partido", "name": "Partido", "app_label": "elecciones"}, "model": "contenttypes.contenttype", "pk": 8}, {"fields": {"model": "propuesta", "name": "Propuesta", "app_label": "elecciones"}, "model": "contenttypes.contenttype", "pk": 9}, {"fields": {"model": "eleccion", "name": "Eleccion", "app_label": "elecciones"}, "model": "contenttypes.contenttype", "pk": 10}, {"fields": {"expire_date": "2015-06-20T17:48:40.765Z", "session_data": "NDFiMjlmZDBjZDM1M2M3MTM2ZDc2N2FkZDMyMjFkMjFlNmU2ZWNhNDp7Il9hdXRoX3VzZXJfaGFzaCI6Ijc0ZmQ0YTA1YjI3ZmQ0M2JjMTQ5NzMwYWIyZjkxYmNjYjkyMTk5N2EiLCJfYXV0aF91c2VyX2JhY2tlbmQiOiJkamFuZ28uY29udHJpYi5hdXRoLmJhY2tlbmRzLk1vZGVsQmFja2VuZCIsIl9hdXRoX3VzZXJfaWQiOjF9"}, "model": "sessions.session", "pk": "2v3pmshanfbpvci1krltmwkc4mv5yee6"}, {"fields": {"expire_date": "2015-06-20T18:13:02.537Z", "session_data": "NDdkMDNhMDJmZWU5MGY5M2RhNWE4NjgwNzhiNTBkMGM5OTQxMmI1Nzp7Il9hdXRoX3VzZXJfaGFzaCI6IjE5MzY5OGFjYjgzZmI4MmVhN2EyZjFlMDdmZDMzMjBmOTUyNGU5Y2EiLCJfYXV0aF91c2VyX2JhY2tlbmQiOiJkamFuZ28uY29udHJpYi5hdXRoLmJhY2tlbmRzLk1vZGVsQmFja2VuZCIsIl9hdXRoX3VzZXJfaWQiOjF9"}, "model": "sessions.session", "pk": "8brxma0uy73y85a7hxh0quue74okghjk"}, {"fields": {"expire_date": "2015-06-20T18:17:37.466Z", "session_data": "NDdkMDNhMDJmZWU5MGY5M2RhNWE4NjgwNzhiNTBkMGM5OTQxMmI1Nzp7Il9hdXRoX3VzZXJfaGFzaCI6IjE5MzY5OGFjYjgzZmI4MmVhN2EyZjFlMDdmZDMzMjBmOTUyNGU5Y2EiLCJfYXV0aF91c2VyX2JhY2tlbmQiOiJkamFuZ28uY29udHJpYi5hdXRoLmJhY2tlbmRzLk1vZGVsQmFja2VuZCIsIl9hdXRoX3VzZXJfaWQiOjF9"}, "model": "sessions.session", "pk": "u11rb62vsm4viwox7u3twnxpn8kdv79e"}, {"fields": {"expire_date": "2015-06-20T18:18:05.607Z", "session_data": "NDdkMDNhMDJmZWU5MGY5M2RhNWE4NjgwNzhiNTBkMGM5OTQxMmI1Nzp7Il9hdXRoX3VzZXJfaGFzaCI6IjE5MzY5OGFjYjgzZmI4MmVhN2EyZjFlMDdmZDMzMjBmOTUyNGU5Y2EiLCJfYXV0aF91c2VyX2JhY2tlbmQiOiJkamFuZ28uY29udHJpYi5hdXRoLmJhY2tlbmRzLk1vZGVsQmFja2VuZCIsIl9hdXRoX3VzZXJfaWQiOjF9"}, "model": "sessions.session", "pk": "zs3nt2v5p29y3rv1uyerj9sgpc3doxwt"}, {"fields": {"bio": "Naci\u00f3 en San Mart\u00edn, provincia de Buenos Aires el 28 de abril de 1972. Es un abogado, funcionario p\u00fablico y pol\u00edtico argentino, fundador del Frente Renovador. Actualmente es Diputado Nacional por la Provincia de Buenos Aires por el Frente Renovador. Anteriormente, se desempe\u00f1\u00f3 como Jefe de Gabinete de Ministros de la Naci\u00f3n Argentina (julio de 2008) y director ejecutivo de la ANSES (entre los a\u00f1os 2002 y 2007).\r\nEl 28 de octubre de 2007 fue elegido Intendente del partido de Tigre, Provincia de Buenos donde asumi\u00f3 el 10 de Diciembre de 2007.\r\n", "foto": "./Massa.jpg", "pagina_personal": "http://sergio-massa.org/", "partido": 2, "twitter": "https://www.twitter.com/sergiomassa", "eleccion": 4, "facebook": "http://facebook.com/sergiomassa/", "nombre": "Sergio Massa", "boleta": ""}, "model": "elecciones.candidato", "pk": 2}, {"fields": {"bio": "Naci\u00f3 en 1959. Es un ingeniero civil, empresario, dirigente deportivo y pol\u00edtico argentino l\u00edder del PRO (Propuesta Republicana). En 2007 fue electo jefe de gobierno de la Ciudad de Buenos Aires por el per\u00edodo 2007-2011, siendo luego reelecto para el per\u00edodo 2011-2015.Desempe\u00f1\u00f3 durante 12 a\u00f1os (1995-2007) el cargo de presidente del Club Atl\u00e9tico Boca Juniors. \r\nSe desempe\u00f1\u00f3 como diputado nacional por la Ciudad de Buenos Aires entre 2005-2007, interrumpiendo su mandato para dedicarse a la campa\u00f1a electoral para jefe de gobierno porte\u00f1o, que finalmente gan\u00f3. En 2011, Macri renov\u00f3 su mandato.", "foto": "./Macri.jpeg", "pagina_personal": "http://mauriciomacri.com.ar/", "partido": 16, "twitter": "https://twitter.com/mauriciomacri", "eleccion": 4, "facebook": "https://www.facebook.com/mauriciomacri/", "nombre": "Mauricio Macri", "boleta": "./boletas.bmp"}, "model": "elecciones.candidato", "pk": 3}, {"fields": {"bio": "Licenciada en psicopedagog\u00eda. Nacida el 20 de enero de 1956 en el Fort\u00edn, provincia de C\u00f3rdoba. Se desempe\u00f1\u00f3 en pol\u00edtica como miembro de la direcci\u00f3n nacional del partido Izquierda Socialista. Fue legisladora provincial en 4 oportunidades, siendo la \u00faltima bajo el espacio pol\u00edtico del Frente de Izquierda y los Trabajadores. En la actualidad, es candidata a Gobernador por dicho partido, junto a Hern\u00e1n Pudd\u00fa.", "foto": "", "pagina_personal": "http://pts.org.ar/", "partido": 6, "twitter": "http://twitter.com/LilianaOlivero", "eleccion": 3, "facebook": "http://facebook.com/liliolivero", "nombre": "Maria Liliana Olivero ", "boleta": ""}, "model": "elecciones.candidato", "pk": 4}, {"fields": {"bio": "Oriundo de la localidad de la Palestina, situada en el departamento de San Mart\u00edn, provincia de C\u00f3rdoba. Nacido el 9 de marzo de 1962. De joven se radic\u00f3 en la ciudad de Villa Mar\u00eda, donde comenz\u00f3 su militancia pol\u00edtica en el Partido Justicialista, m\u00e1s precisamente en la Juventud Universitaria Peronista. Fue concejal y tres veces intendente en la ciudad de Villa Mar\u00eda, diputado nacional, y un sinf\u00edn de cargos m\u00e1s.  Actualmente es candidato a gobernador por el Frente para la Victoria en el espacio C\u00f3rdoba Podemos. ", "foto": "./accastello.jpg", "pagina_personal": "http://eduardoaccastello.com.ar/", "partido": 7, "twitter": "https://twitter.com/eaccastello.com", "eleccion": 3, "facebook": "http://facebook.com/eaccastello/", "nombre": "Eduardo Luis Accastello", "boleta": ""}, "model": "elecciones.candidato", "pk": 5}, {"fields": {"bio": "Naci\u00f3n en 1957 y estudi\u00f3 Marketing en la Universidad Argentina de la Empresa (UADE).Es un empresario, deportista y pol\u00edtico argentino. En 1997 fue elegido diputado nacional por la Ciudad de Buenos Aires y en 2001 fue reelecto. Fue Vicepresidente de la Rep\u00fablica Argentina en 2003 junto a N\u00e9stor Kirchner. En 2007, asumi\u00f3 como Gobernador de la Provincia de Buenos Aires siendo reelecto en 2011.\r\n", "foto": "./Scioli.jpeg", "pagina_personal": "http://www.danielscioli.com.ar/", "partido": 7, "twitter": "https://twitter.com/danielscioli", "eleccion": 4, "facebook": "https://www.facebook.com/danielsciolioficial", "nombre": "Daniel Scioli", "boleta": ""}, "model": "elecciones.candidato", "pk": 6}, {"fields": {"bio": "Naci\u00f3 en Buenos Aires en 1955. Estudi\u00f3 abogac\u00eda y ejerci\u00f3 la docencia. Fue Presidenta del Comit\u00e9 de la Uni\u00f3n C\u00edvica Radical de la Provincia de Buenos Aires y Secretaria General del Comit\u00e9 Nacional de ese Partido.\r\nEn 2007 fund\u00f3 el Partido GEN (Generaci\u00f3n para un Encuentro Nacional), siendo actualmente su Presidente. Este Partido integra el FAP (Frente Amplio Progresista).Actualmente cumple su cuarto mandato como Diputada Nacional (2013-2017). Los anteriores fueron: 1997-2001 , 2001-2005 y 2009-2013. ", "foto": "./Stolbizer.jpg", "pagina_personal": "http://margaritastolbizer.com.ar/", "partido": 8, "twitter": "https://twitter.com/Stolbizer", "eleccion": 4, "facebook": "https://www.facebook.com/Stolbizer", "nombre": "Margarita Stolbizer", "boleta": "./boletas_vUtATXD.bmp"}, "model": "elecciones.candidato", "pk": 7}, {"fields": {"bio": "Es miembro fundador y destacado dirigente del trotskista Partido Obrero (PO). En el a\u00f1o 2000 fue electo Legislador de la Ciudad de Buenos Aires, cargo que desempe\u00f1\u00f3 hasta el a\u00f1o 2004. Ha sido varias veces candidato a Presidente de la Naci\u00f3n (1989, 1995, 1999, 2003 y 2011). y a diputado nacional.", "foto": "./Altamira.jpg", "pagina_personal": "http://altamiraresponde.com.ar/", "partido": 6, "twitter": "https://twitter.com/altamirajorge", "eleccion": 4, "facebook": "https://www.facebook.com/jorge.altamira.ok", "nombre": "Jorge Altamira", "boleta": ""}, "model": "elecciones.candidato", "pk": 8}, {"fields": {"bio": "Naci\u00f3 en 1965 en C\u00f3rdoba. Es licenciado en Psicolog\u00eda por la UNC, docente de la misma y actualmente Doctor\u00e1ndose en Ciencias de la Salud. Comenz\u00f3 su carrera pol\u00edtica en una organizaci\u00f3n Peronista de izquierda y luego en el Partido Socialista de los Trabajadores (PST). Luego milit\u00f3 en el MAS (Movimiento Al Socialismo) hasta 1992. En este mismo a\u00f1o, fund\u00f3 el Movimiento Socialista de los Trabajadores. Es Secretario General Adjunto de la Central I de Trabajadores de la Argentina (CTA) regional de C\u00f3rdoba Actualmente es candidato a Gobernador por esta fuerza pol\u00edtica y comparte f\u00f3rmula con Sof\u00eda Gatica.   ", "foto": "", "pagina_personal": "http://cordoba.mst.org.ar/", "partido": 9, "twitter": "http://twitter.com/mstcordoba", "eleccion": 3, "facebook": "http://facebook.com/mst.cordoba", "nombre": "Raul Angel Gomez", "boleta": ""}, "model": "elecciones.candidato", "pk": 9}, {"fields": {"bio": "Nacido en C\u00f3rdoba el 7 de mayo de 1950. Es abogado con orientaci\u00f3n en derecho penal, econ\u00f3mico, tributario y correccional. Su carrera pol\u00edtica comenz\u00f3 de joven dentro de la Uni\u00f3n C\u00edvica Radical, donde desempe\u00f1o cargos p\u00fablicos tales como Secretario General de la Municipalidad de C\u00f3rdoba, interventor federal de la provincia de Corrientes, Diputado Nacional y Presidente del Bloque de la Uni\u00f3n C\u00edvica Radical. En la Actualidad, Oscar es candidato a Goberador dentro del espacio de Juntos por C\u00f3rdoba, alianza conformada por la UCR- PRO- Frente C\u00edvico.", "foto": "", "pagina_personal": "http://oscaraguad.com/", "partido": 10, "twitter": "http://twitter.com/oscaraguadcba", "eleccion": 3, "facebook": "http://facebook.com/aguadoscar", "nombre": "Oscar Aguad", "boleta": ""}, "model": "elecciones.candidato", "pk": 10}, {"fields": {"bio": "Naci\u00f3 en C\u00f3rdoba en 1949. Curs\u00f3 sus estudios superiores en la Facultad de Derecho y Ciencias Sociales de la Universidad Nacional de C\u00f3rdoba, donde se recibi\u00f3 de abogado y se desempe\u00f1\u00f3 como docente. Pertenece al Partido Justicialista. Fue Diputado Nacional por C\u00f3rdoba, Embajador en Brasil, Senador Nacional por C\u00f3rdoba y Gobernador de la provincia de C\u00f3rdoba desde junio de 1999 hasta el 2007, reelecto en 2003. En 2011 fue elegido nuevamente Gobernador de su provincia.\r\n", "foto": "./De_la_Sota_BADWlNL.jpg", "pagina_personal": "http://www.elhombre.com.ar/", "partido": 12, "twitter": "https://twitter.com/DelaSotaOk", "eleccion": 4, "facebook": "https://www.facebook.com/DelaSotaOk", "nombre": "Jose Manuel de la Sota", "boleta": ""}, "model": "elecciones.candidato", "pk": 11}, {"fields": {"bio": "Naci\u00f3 en C\u00f3rdoba el 19 de junio de 1949. Egresado del Liceo Militar General paz, es contador p\u00fablico y reconocido pol\u00edtico argentino. Como integrante del Partido Justicialista, fue Diputado Nacional en dos oportunidades por Uni\u00f3n por C\u00f3rdoba y Gobernador de Santiago del Estero en car\u00e1cter de Interventor Federal. Schiaretti fue tambi\u00e9n Vicegobernador y Gobernador de C\u00f3rdoba; cargo que actualmente busca para ocupar en segunda ocasi\u00f3n. Es candidato a Gobernador por Uni\u00f3n por C\u00f3rdoba y comparte f\u00f3rmula con Martin Llaryora. ", "foto": "", "pagina_personal": "http://juanymartin.com/", "partido": 11, "twitter": "http://twitter.com/infoschiaretti", "eleccion": 3, "facebook": "http://facebook.com/infoschiaretti", "nombre": "Juan Schiaretti", "boleta": ""}, "model": "elecciones.candidato", "pk": 12}, {"fields": {"bio": "Naci\u00f3 en Chivilcoy, Buenos Aires, en 1964. Es contador p\u00fablico argentino, militante del Partido Justicialista. Desde diciembre del 2007 se desempe\u00f1a como Ministro del Interior y Transporte de la Rep\u00fablica Argentina. En el 2007, fue electo como Diputado Nacional, cargo al que ha renunciado para asumir como ministro nacional.\r\nPreviamente se desempe\u00f1\u00f3 como Ministro de Gobierno y Jefe de Gabinete de Ministros de la provincia de Buenos Aires, durante la gobernaci\u00f3n de Felipe Sol\u00e1.\r\n", "foto": "./Randazzo.jpeg", "pagina_personal": "http://www.florenciorandazzo.com.ar/", "partido": 7, "twitter": "https://twitter.com/RandazzoF", "eleccion": 4, "facebook": "https://www.facebook.com/RandazzoFlorencio", "nombre": "Florencio Randazzo", "boleta": ""}, "model": "elecciones.candidato", "pk": 13}, {"fields": {"bio": "Naci\u00f3 en Resistencia en 1956. Es abogada y pol\u00edtica argentina, fundadora y presidente del partido Coalici\u00f3n C\u00edvica ARI. Es Coordinadora General del Instituto de formaci\u00f3n cultural y pol\u00edtica Hannah Arendt, que fund\u00f3 en mayo de 2004.\r\nEn las Elecciones presidenciales de Argentina de 2003, como candidata del partido ARI, obtuvo el 14,05% de los votos, en 2007, obtuvo el segundo lugar, con el 23,04% de los votos. Para las Elecciones presidenciales de Argentina de 2011, Carri\u00f3 se present\u00f3 nuevamente como candidata por la Coalici\u00f3n C\u00edvica, obteniendo el \u00faltimo puesto, con el 1,84% de los votos.\r\n", "foto": "./Carri\u00f3.jpg", "pagina_personal": "http://www.elisacarrio.com.ar/", "partido": 13, "twitter": "https://twitter.com/elisacarrio", "eleccion": 4, "facebook": "https://www.facebook.com/Elisa.Lilita.Carrio", "nombre": "Elisa Carrio", "boleta": ""}, "model": "elecciones.candidato", "pk": 14}, {"fields": {"bio": "Ernesto Ricardo Sanz en 1956, es un dirigente pol\u00edtico argentino, Senador Nacional y expresidente del Comit\u00e9 Nacional de la Uni\u00f3n C\u00edvica Radical. Desempe\u00f1a su segundo mandato como Senador Nacional por la Provincia de Mendoza. En su provincia, se ha desempe\u00f1ado como Intendente de San Rafael (Mendoza). \r\nHasta diciembre de 2010, fue miembro del Consejo de la Magistratura, siendo uno de los representantes por el Honorable Senado de la Naci\u00f3n. En enero de 2011 anunci\u00f3 su precandidatura a la Presidencia de la Naci\u00f3n.", "foto": "./Ernesto-Sanz.jpg", "pagina_personal": "http://www.ernestosanz.com/", "partido": 14, "twitter": "https://twitter.com/SanzErnesto", "eleccion": 4, "facebook": "https://www.facebook.com/ernestoricardosanz", "nombre": "Ernesto Sanz", "boleta": ""}, "model": "elecciones.candidato", "pk": 15}, {"fields": {"bio": "Oriundo de Rio Cuarto. Fue presidente del Colegio de Abogados y del club Estudiantes de dicha ciudad. Fue titular del bloque de legisladores del Frente c\u00edvico.  Actualmente ocupa el cargo de Legislador Provincial y es titular del partido Socialista de C\u00f3rdoba. Es candidato a Gobernador por el Frente Progresista y Popular, un espacio conformado por el Partido Socialista, Libres del Sur, Gen, Frente popular y otros movimientos con incidencia nacional. ", "foto": "", "pagina_personal": "http://robertobirri.blogspot.com.ar/", "partido": 15, "twitter": "http://twitter.com/robertobirri", "eleccion": 3, "facebook": "http://facebook.com/robertocesarbirri", "nombre": "Roberto Cesar Birri ", "boleta": ""}, "model": "elecciones.candidato", "pk": 16}, {"fields": {"bio": "Naci\u00f3 el 29 de septiembre de 1948. Curs\u00f3 sus estudios de maestro normal nacional en la escuela Antonio Mentruyt de Lomas de Zamora. Actualmente, es un dirigente gremial y social de relevancia en la vida pol\u00edtica y social argentina desde mediados de la d\u00e9cada del '70. Actualmente, es diputado nacional del Frente Amplio Progresista por la provincia de Buenos Aires, electo durante las elecciones de 2011. \r\n", "foto": "./de_gennaro.jpeg", "pagina_personal": "http://victordegennaro.org.ar/", "partido": 8, "twitter": "https://twitter.com/victordegennaro", "eleccion": 4, "facebook": "https://www.facebook.com/victordegennaropresidente", "nombre": "Victor De Gennaro", "boleta": ""}, "model": "elecciones.candidato", "pk": 17}, {"fields": {"color": "000000", "nombre": "propuesta republivana", "abreviacion": "pro", "logo": "./bright-day.jpg"}, "model": "elecciones.partido", "pk": 1}, {"fields": {"color": "Negro", "nombre": "Frente Renovador", "abreviacion": "FR", "logo": "./FR.jpg"}, "model": "elecciones.partido", "pk": 2}, {"fields": {"color": "Rojo", "nombre": "Frente de Izquierda de los Trabajadores", "abreviacion": "FIT", "logo": "./FIT.jpg"}, "model": "elecciones.partido", "pk": 3}, {"fields": {"color": "Rojo", "nombre": "Frente de Izquierda de los Trabajadores", "abreviacion": "FIT", "logo": "./FIT_9Tz4t8c.jpg"}, "model": "elecciones.partido", "pk": 4}, {"fields": {"color": "Amaril", "nombre": "PRO", "abreviacion": "PRO", "logo": ""}, "model": "elecciones.partido", "pk": 5}, {"fields": {"color": "Rojo", "nombre": "Frente de Izquierda de los Trabajadores", "abreviacion": "FIT", "logo": "./FIT_D7A3P7C.jpg"}, "model": "elecciones.partido", "pk": 6}, {"fields": {"color": "33CCFF", "nombre": "Frente Para la Victoria", "abreviacion": "FPV", "logo": "./FPV.png"}, "model": "elecciones.partido", "pk": 7}, {"fields": {"color": "0000FF", "nombre": "Frente Amplio Progresista", "abreviacion": "FAP", "logo": "./frente_amplio.jpg"}, "model": "elecciones.partido", "pk": 8}, {"fields": {"color": "FF0000", "nombre": "Movimiento Socialista de los Trabajadores", "abreviacion": "MST", "logo": "./mst.jpg"}, "model": "elecciones.partido", "pk": 9}, {"fields": {"color": "FFFF00", "nombre": "Juntos por Cordoba", "abreviacion": "JCP", "logo": "./juntos-por-c\u00f3rdoba.jpg"}, "model": "elecciones.partido", "pk": 10}, {"fields": {"color": "0033CC", "nombre": "Union por Cordoba", "abreviacion": "UPC", "logo": "./union_por_cordoba_Q6B8lKe.jpg"}, "model": "elecciones.partido", "pk": 11}, {"fields": {"color": "0033CC", "nombre": "Partido Justicialista", "abreviacion": "PJ", "logo": "./logo-partido-justicialista.jpg"}, "model": "elecciones.partido", "pk": 12}, {"fields": {"color": "339933", "nombre": "Coalicion Civica", "abreviacion": "CC", "logo": "./Coalic_civica_ari_logo_XuQVgz8.png"}, "model": "elecciones.partido", "pk": 13}, {"fields": {"color": "FF0000", "nombre": "Union Civica Radical", "abreviacion": "UCR", "logo": "./ucr.png"}, "model": "elecciones.partido", "pk": 14}, {"fields": {"color": "FF9900", "nombre": "Frente Progresista ", "abreviacion": "FP", "logo": "./1371948028.jpg"}, "model": "elecciones.partido", "pk": 15}, {"fields": {"color": "FFFF00", "nombre": "PRO", "abreviacion": "PRO", "logo": "./pro-4.png"}, "model": "elecciones.partido", "pk": 16}, {"fields": {"color": "FF0000", "nombre": "Movimiento al Socialismo", "abreviacion": "MAS", "logo": "./55378c9aad9fe.jpg"}, "model": "elecciones.partido", "pk": 17}, {"fields": {"descripcion": "El candidato no ha oficializado sus propuestas por el momento. ", "cumplida": false, "candidato": 2}, "model": "elecciones.propuesta", "pk": 1}, {"fields": {"descripcion": "El candidato no ha oficializado sus propuestas por el momento. ", "cumplida": false, "candidato": 3}, "model": "elecciones.propuesta", "pk": 2}, {"fields": {"terminada": false, "nombre": "municipal"}, "model": "elecciones.eleccion", "pk": 1}, {"fields": {"terminada": false, "nombre": "PASO"}, "model": "elecciones.eleccion", "pk": 2}, {"fields": {"terminada": false, "nombre": "Provinciales"}, "model": "elecciones.eleccion", "pk": 3}, {"fields": {"terminada": false, "nombre": "Nacionales PASO"}, "model": "elecciones.eleccion", "pk": 4}, {"fields": {"codename": "add_logentry", "name": "Can add log entry", "content_type": 1}, "model": "auth.permission", "pk": 1}, {"fields": {"codename": "change_logentry", "name": "Can change log entry", "content_type": 1}, "model": "auth.permission", "pk": 2}, {"fields": {"codename": "delete_logentry", "name": "Can delete log entry", "content_type": 1}, "model": "auth.permission", "pk": 3}, {"fields": {"codename": "add_permission", "name": "Can add permission", "content_type": 2}, "model": "auth.permission", "pk": 4}, {"fields": {"codename": "change_permission", "name": "Can change permission", "content_type": 2}, "model": "auth.permission", "pk": 5}, {"fields": {"codename": "delete_permission", "name": "Can delete permission", "content_type": 2}, "model": "auth.permission", "pk": 6}, {"fields": {"codename": "add_group", "name": "Can add group", "content_type": 3}, "model": "auth.permission", "pk": 7}, {"fields": {"codename": "change_group", "name": "Can change group", "content_type": 3}, "model": "auth.permission", "pk": 8}, {"fields": {"codename": "delete_group", "name": "Can delete group", "content_type": 3}, "model": "auth.permission", "pk": 9}, {"fields": {"codename": "add_user", "name": "Can add user", "content_type": 4}, "model": "auth.permission", "pk": 10}, {"fields": {"codename": "change_user", "name": "Can change user", "content_type": 4}, "model": "auth.permission", "pk": 11}, {"fields": {"codename": "delete_user", "name": "Can delete user", "content_type": 4}, "model": "auth.permission", "pk": 12}, {"fields": {"codename": "add_contenttype", "name": "Can add content type", "content_type": 5}, "model": "auth.permission", "pk": 13}, {"fields": {"codename": "change_contenttype", "name": "Can change content type", "content_type": 5}, "model": "auth.permission", "pk": 14}, {"fields": {"codename": "delete_contenttype", "name": "Can delete content type", "content_type": 5}, "model": "auth.permission", "pk": 15}, {"fields": {"codename": "add_session", "name": "Can add session", "content_type": 6}, "model": "auth.permission", "pk": 16}, {"fields": {"codename": "change_session", "name": "Can change session", "content_type": 6}, "model": "auth.permission", "pk": 17}, {"fields": {"codename": "delete_session", "name": "Can delete session", "content_type": 6}, "model": "auth.permission", "pk": 18}, {"fields": {"codename": "add_candidato", "name": "Can add Candidato", "content_type": 7}, "model": "auth.permission", "pk": 19}, {"fields": {"codename": "change_candidato", "name": "Can change Candidato", "content_type": 7}, "model": "auth.permission", "pk": 20}, {"fields": {"codename": "delete_candidato", "name": "Can delete Candidato", "content_type": 7}, "model": "auth.permission", "pk": 21}, {"fields": {"codename": "add_partido", "name": "Can add Partido", "content_type": 8}, "model": "auth.permission", "pk": 22}, {"fields": {"codename": "change_partido", "name": "Can change Partido", "content_type": 8}, "model": "auth.permission", "pk": 23}, {"fields": {"codename": "delete_partido", "name": "Can delete Partido", "content_type": 8}, "model": "auth.permission", "pk": 24}, {"fields": {"codename": "add_propuesta", "name": "Can add Propuesta", "content_type": 9}, "model": "auth.permission", "pk": 25}, {"fields": {"codename": "change_propuesta", "name": "Can change Propuesta", "content_type": 9}, "model": "auth.permission", "pk": 26}, {"fields": {"codename": "delete_propuesta", "name": "Can delete Propuesta", "content_type": 9}, "model": "auth.permission", "pk": 27}, {"fields": {"codename": "add_eleccion", "name": "Can add Eleccion", "content_type": 10}, "model": "auth.permission", "pk": 28}, {"fields": {"codename": "change_eleccion", "name": "Can change Eleccion", "content_type": 10}, "model": "auth.permission", "pk": 29}, {"fields": {"codename": "delete_eleccion", "name": "Can delete Eleccion", "content_type": 10}, "model": "auth.permission", "pk": 30}, {"fields": {"username": "admin", "first_name": "", "last_name": "", "is_active": true, "is_superuser": true, "is_staff": true, "last_login": "2015-06-06T18:18:05.494Z", "groups": [], "user_permissions": [], "password": "pbkdf2_sha256$12000$UvIrBMb5Xvk3$L4b1btSAOyXeQLyocI0Jh1CDzp/R38293oeAoVtUlKg=", "email": "sadsa@assad.com", "date_joined": "2015-06-06T17:48:15.606Z"}, "model": "auth.user", "pk": 1}, {"fields": {"action_flag": 1, "action_time": "2015-06-06T17:49:54.092Z", "object_repr": "municipal", "object_id": "1", "change_message": "", "user": 1, "content_type": 10}, "model": "admin.logentry", "pk": 1}, {"fields": {"action_flag": 1, "action_time": "2015-06-06T17:50:01.272Z", "object_repr": "PASO", "object_id": "2", "change_message": "", "user": 1, "content_type": 10}, "model": "admin.logentry", "pk": 2}, {"fields": {"action_flag": 1, "action_time": "2015-06-06T18:13:59.211Z", "object_repr": "Provinciales", "object_id": "3", "change_message": "", "user": 1, "content_type": 10}, "model": "admin.logentry", "pk": 3}, {"fields": {"action_flag": 1, "action_time": "2015-06-06T18:18:19.080Z", "object_repr": "propuesta republivana", "object_id": "1", "change_message": "", "user": 1, "content_type": 8}, "model": "admin.logentry", "pk": 4}, {"fields": {"action_flag": 1, "action_time": "2015-06-06T18:28:54.784Z", "object_repr": "Frente Renovador", "object_id": "2", "change_message": "", "user": 1, "content_type": 8}, "model": "admin.logentry", "pk": 5}, {"fields": {"action_flag": 1, "action_time": "2015-06-06T18:29:06.135Z", "object_repr": "Nacionales PASO", "object_id": "4", "change_message": "", "user": 1, "content_type": 10}, "model": "admin.logentry", "pk": 6}, {"fields": {"action_flag": 1, "action_time": "2015-06-06T18:38:16.453Z", "object_repr": "Frente de Izquierda de los Trabajadores", "object_id": "3", "change_message": "", "user": 1, "content_type": 8}, "model": "admin.logentry", "pk": 7}, {"fields": {"action_flag": 1, "action_time": "2015-06-06T18:39:58.927Z", "object_repr": "Sergio Massa", "object_id": "1", "change_message": "", "user": 1, "content_type": 7}, "model": "admin.logentry", "pk": 8}, {"fields": {"action_flag": 1, "action_time": "2015-06-06T18:40:26.979Z", "object_repr": "Sergio Massa", "object_id": "2", "change_message": "", "user": 1, "content_type": 7}, "model": "admin.logentry", "pk": 9}, {"fields": {"action_flag": 1, "action_time": "2015-06-06T18:40:51.442Z", "object_repr": "Frente de Izquierda de los Trabajadores", "object_id": "4", "change_message": "", "user": 1, "content_type": 8}, "model": "admin.logentry", "pk": 10}, {"fields": {"action_flag": 1, "action_time": "2015-06-06T18:42:38.257Z", "object_repr": "PRO", "object_id": "5", "change_message": "", "user": 1, "content_type": 8}, "model": "admin.logentry", "pk": 11}, {"fields": {"action_flag": 1, "action_time": "2015-06-06T18:43:00.209Z", "object_repr": "Mauricio Macri", "object_id": "3", "change_message": "", "user": 1, "content_type": 7}, "model": "admin.logentry", "pk": 12}, {"fields": {"action_flag": 1, "action_time": "2015-06-06T18:46:38.282Z", "object_repr": "Frente de Izquierda de los Trabajadores", "object_id": "6", "change_message": "", "user": 1, "content_type": 8}, "model": "admin.logentry", "pk": 13}, {"fields": {"action_flag": 1, "action_time": "2015-06-06T18:46:44.514Z", "object_repr": "Maria Liliana Olivero ", "object_id": "4", "change_message": "", "user": 1, "content_type": 7}, "model": "admin.logentry", "pk": 14}, {"fields": {"action_flag": 3, "action_time": "2015-06-06T18:47:45.281Z", "object_repr": "Sergio Massa", "object_id": "1", "change_message": "", "user": 1, "content_type": 7}, "model": "admin.logentry", "pk": 15}, {"fields": {"action_flag": 1, "action_time": "2015-06-06T18:54:29.713Z", "object_repr": "Frente Para la Victoria", "object_id": "7", "change_message": "", "user": 1, "content_type": 8}, "model": "admin.logentry", "pk": 16}, {"fields": {"action_flag": 1, "action_time": "2015-06-06T18:55:40.686Z", "object_repr": "Eduardo Luis Accastello", "object_id": "5", "change_message": "", "user": 1, "content_type": 7}, "model": "admin.logentry", "pk": 17}, {"fields": {"action_flag": 2, "action_time": "2015-06-06T18:56:34.404Z", "object_repr": "Maria Liliana Olivero ", "object_id": "4", "change_message": "Changed bio.", "user": 1, "content_type": 7}, "model": "admin.logentry", "pk": 18}, {"fields": {"action_flag": 1, "action_time": "2015-06-06T19:03:01.676Z", "object_repr": "Daniel Scioli", "object_id": "6", "change_message": "", "user": 1, "content_type": 7}, "model": "admin.logentry", "pk": 19}, {"fields": {"action_flag": 2, "action_time": "2015-06-06T19:06:16.216Z", "object_repr": "Eduardo Luis Accastello", "object_id": "5", "change_message": "Changed foto.", "user": 1, "content_type": 7}, "model": "admin.logentry", "pk": 20}, {"fields": {"action_flag": 1, "action_time": "2015-06-06T19:06:56.880Z", "object_repr": "Frente Amplio Progresista", "object_id": "8", "change_message": "", "user": 1, "content_type": 8}, "model": "admin.logentry", "pk": 21}, {"fields": {"action_flag": 1, "action_time": "2015-06-06T19:07:10.232Z", "object_repr": "Margarita Stolbizer", "object_id": "7", "change_message": "", "user": 1, "content_type": 7}, "model": "admin.logentry", "pk": 22}, {"fields": {"action_flag": 1, "action_time": "2015-06-06T19:08:16.335Z", "object_repr": "Movimiento Socialista de los Trabajadores", "object_id": "9", "change_message": "", "user": 1, "content_type": 8}, "model": "admin.logentry", "pk": 23}, {"fields": {"action_flag": 1, "action_time": "2015-06-06T19:08:24.807Z", "object_repr": "Jorge Altamira", "object_id": "8", "change_message": "", "user": 1, "content_type": 7}, "model": "admin.logentry", "pk": 24}, {"fields": {"action_flag": 1, "action_time": "2015-06-06T19:09:57.018Z", "object_repr": "Raul Angel Gomez", "object_id": "9", "change_message": "", "user": 1, "content_type": 7}, "model": "admin.logentry", "pk": 25}, {"fields": {"action_flag": 1, "action_time": "2015-06-06T19:12:27.385Z", "object_repr": "Juntos por Cordoba", "object_id": "10", "change_message": "", "user": 1, "content_type": 8}, "model": "admin.logentry", "pk": 26}, {"fields": {"action_flag": 1, "action_time": "2015-06-06T19:14:53.393Z", "object_repr": "Oscar Aguad", "object_id": "10", "change_message": "", "user": 1, "content_type": 7}, "model": "admin.logentry", "pk": 27}, {"fields": {"action_flag": 1, "action_time": "2015-06-06T19:16:21.560Z", "object_repr": "Union por Cordoba", "object_id": "11", "change_message": "", "user": 1, "content_type": 8}, "model": "admin.logentry", "pk": 28}, {"fields": {"action_flag": 1, "action_time": "2015-06-06T19:17:06.399Z", "object_repr": "Partido Justicialista", "object_id": "12", "change_message": "", "user": 1, "content_type": 8}, "model": "admin.logentry", "pk": 29}, {"fields": {"action_flag": 1, "action_time": "2015-06-06T19:17:44.643Z", "object_repr": "Jose Manuel de la Sota", "object_id": "11", "change_message": "", "user": 1, "content_type": 7}, "model": "admin.logentry", "pk": 30}, {"fields": {"action_flag": 1, "action_time": "2015-06-06T19:18:32.922Z", "object_repr": "Juan Schiaretti", "object_id": "12", "change_message": "", "user": 1, "content_type": 7}, "model": "admin.logentry", "pk": 31}, {"fields": {"action_flag": 1, "action_time": "2015-06-06T19:18:52.072Z", "object_repr": "Florencio Randazzo", "object_id": "13", "change_message": "", "user": 1, "content_type": 7}, "model": "admin.logentry", "pk": 32}, {"fields": {"action_flag": 1, "action_time": "2015-06-06T19:23:54.433Z", "object_repr": "Coalicion Civica", "object_id": "13", "change_message": "", "user": 1, "content_type": 8}, "model": "admin.logentry", "pk": 33}, {"fields": {"action_flag": 1, "action_time": "2015-06-06T19:24:03.052Z", "object_repr": "Elisa Carrio", "object_id": "14", "change_message": "", "user": 1, "content_type": 7}, "model": "admin.logentry", "pk": 34}, {"fields": {"action_flag": 1, "action_time": "2015-06-06T19:27:53.437Z", "object_repr": "Union Civica Radical", "object_id": "14", "change_message": "", "user": 1, "content_type": 8}, "model": "admin.logentry", "pk": 35}, {"fields": {"action_flag": 1, "action_time": "2015-06-06T19:28:00.098Z", "object_repr": "Ernesto Sanz", "object_id": "15", "change_message": "", "user": 1, "content_type": 7}, "model": "admin.logentry", "pk": 36}, {"fields": {"action_flag": 1, "action_time": "2015-06-06T19:29:48.411Z", "object_repr": "Frente Progresista ", "object_id": "15", "change_message": "", "user": 1, "content_type": 8}, "model": "admin.logentry", "pk": 37}, {"fields": {"action_flag": 1, "action_time": "2015-06-06T19:30:03.473Z", "object_repr": "Roberto Cesar Birri ", "object_id": "16", "change_message": "", "user": 1, "content_type": 7}, "model": "admin.logentry", "pk": 38}, {"fields": {"action_flag": 1, "action_time": "2015-06-06T19:30:18.461Z", "object_repr": "Victor De Gennaro", "object_id": "17", "change_message": "", "user": 1, "content_type": 7}, "model": "admin.logentry", "pk": 39}, {"fields": {"action_flag": 1, "action_time": "2015-06-06T19:31:54.035Z", "object_repr": "PRO", "object_id": "16", "change_message": "", "user": 1, "content_type": 8}, "model": "admin.logentry", "pk": 40}, {"fields": {"action_flag": 2, "action_time": "2015-06-06T19:31:56.385Z", "object_repr": "Mauricio Macri", "object_id": "3", "change_message": "Changed partido.", "user": 1, "content_type": 7}, "model": "admin.logentry", "pk": 41}, {"fields": {"action_flag": 1, "action_time": "2015-06-06T19:32:34.184Z", "object_repr": "Movimiento al Socialismo", "object_id": "17", "change_message": "", "user": 1, "content_type": 8}, "model": "admin.logentry", "pk": 42}, {"fields": {"action_flag": 1, "action_time": "2015-06-06T19:32:36.266Z", "object_repr": "propuesta de Sergio Massa", "object_id": "1", "change_message": "", "user": 1, "content_type": 9}, "model": "admin.logentry", "pk": 43}, {"fields": {"action_flag": 1, "action_time": "2015-06-06T19:32:49.214Z", "object_repr": "propuesta de Mauricio Macri", "object_id": "2", "change_message": "", "user": 1, "content_type": 9}, "model": "admin.logentry", "pk": 44}]